,C:\Utkarsh\object3resource\calculator.jpg,C:\Utkarsh\object3resource\calculatorr.jpg,C:\Utkarsh\object3resource\calculatorrr.jpg,C:\Utkarsh\object3resource\controller.jpg,C:\Utkarsh\object3resource\headphones.jpg,C:\Utkarsh\object3resource\tags.jpg,C:\Utkarsh\object3resource\vaseline.jpg,C:\Utkarsh\object3resource\weigh.jpg
C:\Utkarsh\object3resource\vaseline.jpg

C:\Utkarsh\object3resource\vaseline.jpg

C:\Utkarsh\object3resource\vaseline.jpg

C:\Utkarsh\object3resource\vaseline.jpg

C:\Utkarsh\object3resource\vaseline.jpg

C:\Utkarsh\object3resource\vaseline.jpg

C:\Utkarsh\object3resource\vaseline.jpg

C:\Utkarsh\object3resource\vaseline.jpg

C:\Utkarsh\object3resource\vaseline.jpg

C:\Utkarsh\object3resource\vaseline.jpg

C:\Utkarsh\object3resource\vaseline.jpg
